,date,state,positiveIncrease,totalTestResultsIncrease,pos_inc_sum,tot_inc_sum,Positivity Rate (7-day MA),Positivity Rate (1-day)
0,2020-03-04,CA,0,0,,,,
1,2020-03-05,CA,0,0,,,,
2,2020-03-06,CA,7,7,,,,100.0
3,2020-03-07,CA,9,9,,,,100.0
4,2020-03-08,CA,19,19,,,,100.0
5,2020-03-09,CA,26,254,,,,10.24
6,2020-03-10,CA,19,19,80.0,308.0,25.97,100.0
7,2020-03-11,CA,24,250,104.0,558.0,18.64,9.6
8,2020-03-12,CA,45,45,149.0,603.0,24.71,100.0
9,2020-03-13,CA,0,0,142.0,596.0,23.83,
10,2020-03-14,CA,50,50,183.0,637.0,28.73,100.0
11,2020-03-15,CA,41,41,205.0,659.0,31.11,100.0
12,2020-03-16,CA,42,7107,221.0,7512.0,2.94,0.59
13,2020-03-17,CA,148,148,350.0,7641.0,4.58,100.0
14,2020-03-18,CA,128,128,454.0,7519.0,6.04,100.0
15,2020-03-19,CA,313,1119,722.0,8593.0,8.4,27.97
16,2020-03-20,CA,139,1776,861.0,10369.0,8.3,7.83
17,2020-03-21,CA,216,1041,1027.0,11360.0,9.04,20.75
18,2020-03-22,CA,257,312,1243.0,11631.0,10.69,82.37
19,2020-03-23,CA,197,1460,1398.0,5984.0,23.36,13.49
20,2020-03-24,CA,369,1254,1619.0,7090.0,22.83,29.43
21,2020-03-25,CA,253,2722,1744.0,9684.0,18.01,9.29
22,2020-03-26,CA,651,2110,2082.0,10675.0,19.5,30.85
23,2020-03-27,CA,873,873,2816.0,9772.0,28.82,100.0
24,2020-03-28,CA,764,3933,3364.0,12664.0,26.56,19.43
25,2020-03-29,CA,1065,1065,4172.0,13417.0,31.09,100.0
26,2020-03-30,CA,739,739,4714.0,12696.0,37.13,100.0
27,2020-03-31,CA,1035,2258,5380.0,13700.0,39.27,45.84
28,2020-04-01,CA,673,673,5800.0,11651.0,49.78,100.0
29,2020-04-02,CA,1036,3073,6185.0,12614.0,49.03,33.71
30,2020-04-03,CA,1510,2300,6822.0,14041.0,48.59,65.65
31,2020-04-04,CA,1325,78400,7383.0,88508.0,8.34,1.69
32,2020-04-05,CA,1412,2833,7730.0,90276.0,8.56,49.84
33,2020-04-06,CA,898,898,7889.0,90435.0,8.72,100.0
34,2020-04-07,CA,1529,13798,8383.0,101975.0,8.22,11.08
35,2020-04-08,CA,1092,13035,8802.0,114337.0,7.7,8.38
36,2020-04-09,CA,1352,19236,9118.0,130500.0,6.99,7.03
37,2020-04-10,CA,1163,1363,8771.0,129563.0,6.77,85.33
38,2020-04-11,CA,1143,8356,8589.0,59519.0,14.43,13.68
39,2020-04-12,CA,1179,17109,8356.0,73795.0,11.32,6.89
40,2020-04-13,CA,554,554,8012.0,73451.0,10.91,100.0
41,2020-04-14,CA,990,11326,7473.0,70979.0,10.53,8.74
42,2020-04-15,CA,1086,14278,7467.0,72222.0,10.34,7.61
43,2020-04-16,CA,1758,29914,7873.0,82900.0,9.5,5.88
44,2020-04-17,CA,1346,5214,8056.0,86751.0,9.29,25.82
45,2020-04-18,CA,1435,8052,8348.0,86447.0,9.66,17.82
46,2020-04-19,CA,1370,21234,8539.0,90572.0,9.43,6.45
47,2020-04-20,CA,645,9600,8630.0,99618.0,8.66,6.72
48,2020-04-21,CA,2283,9600,9923.0,97892.0,10.14,23.78
49,2020-04-22,CA,2135,165227,10972.0,248841.0,4.41,1.29
50,2020-04-23,CA,1973,16770,11187.0,235697.0,4.75,11.77
51,2020-04-24,CA,1885,12076,11726.0,242559.0,4.83,15.61
52,2020-04-25,CA,1883,11862,12174.0,246369.0,4.94,15.87
53,2020-04-26,CA,1027,20049,11831.0,245184.0,4.83,5.12
54,2020-04-27,CA,1300,27325,12486.0,262909.0,4.75,4.76
55,2020-04-28,CA,1567,24199,11770.0,277508.0,4.24,6.48
56,2020-04-29,CA,1469,25531,11104.0,137812.0,8.06,5.75
57,2020-04-30,CA,2417,22198,11548.0,143240.0,8.06,10.89
58,2020-05-01,CA,1525,29648,11188.0,160812.0,6.96,5.14
59,2020-05-02,CA,1755,30063,11060.0,179013.0,6.18,5.84
60,2020-05-03,CA,1419,30703,11452.0,189667.0,6.04,4.62
61,2020-05-04,CA,1321,32123,11473.0,194465.0,5.9,4.11
62,2020-05-05,CA,1275,32028,11181.0,202294.0,5.53,3.98
63,2020-05-06,CA,2603,29134,12315.0,205897.0,5.98,8.93
64,2020-05-07,CA,1799,33838,11697.0,217537.0,5.38,5.32
65,2020-05-08,CA,1898,32398,12070.0,220287.0,5.48,5.86
66,2020-05-09,CA,2049,37298,12364.0,227522.0,5.43,5.49
67,2020-05-10,CA,2119,43094,13064.0,239913.0,5.45,4.92
68,2020-05-11,CA,1259,36233,13002.0,244023.0,5.33,3.47
69,2020-05-12,CA,1443,41473,13170.0,253468.0,5.2,3.48
70,2020-05-13,CA,1759,32222,12326.0,256556.0,4.8,5.46
71,2020-05-14,CA,2023,39059,12550.0,261777.0,4.79,5.18
72,2020-05-15,CA,1772,29255,12424.0,258634.0,4.8,6.06
73,2020-05-16,CA,1857,45220,12232.0,266556.0,4.59,4.11
74,2020-05-17,CA,2046,56117,12159.0,279579.0,4.35,3.65
75,2020-05-18,CA,1591,57429,12491.0,300775.0,4.15,2.77
76,2020-05-19,CA,1365,46644,12413.0,305946.0,4.06,2.93
77,2020-05-20,CA,2262,40804,12916.0,314528.0,4.11,5.54
78,2020-05-21,CA,2140,41007,13033.0,316476.0,4.12,5.22
79,2020-05-22,CA,2247,45646,13508.0,332867.0,4.06,4.92
80,2020-05-23,CA,2187,48533,13838.0,336180.0,4.12,4.51
81,2020-05-24,CA,2079,67439,13871.0,347502.0,3.99,3.08
82,2020-05-25,CA,1848,61357,14128.0,351430.0,4.02,3.01
83,2020-05-26,CA,2175,52294,14938.0,357080.0,4.18,4.16
84,2020-05-27,CA,2247,40498,14923.0,356774.0,4.18,5.55
85,2020-05-28,CA,2717,53665,15500.0,369432.0,4.2,5.06
86,2020-05-29,CA,2189,44919,15442.0,368705.0,4.19,4.87
87,2020-05-30,CA,2992,53117,16247.0,373289.0,4.35,5.63
88,2020-05-31,CA,3705,56253,17873.0,362103.0,4.94,6.59
89,2020-06-01,CA,2423,67735,18448.0,368481.0,5.01,3.58
90,2020-06-02,CA,2304,59008,18577.0,375195.0,4.95,3.9
91,2020-06-03,CA,2377,59703,18707.0,394400.0,4.74,3.98
92,2020-06-04,CA,2120,51377,18110.0,392112.0,4.62,4.13
93,2020-06-05,CA,3094,55792,19015.0,402985.0,4.72,5.55
94,2020-06-06,CA,3115,69837,19138.0,419705.0,4.56,4.46
95,2020-06-07,CA,2796,53918,18229.0,417370.0,4.37,5.19
96,2020-06-08,CA,2507,68972,18313.0,418607.0,4.37,3.63
97,2020-06-09,CA,2170,55055,18179.0,414654.0,4.38,3.94
98,2020-06-10,CA,2702,54553,18504.0,409504.0,4.52,4.95
99,2020-06-11,CA,3090,56849,19474.0,414976.0,4.69,5.44
100,2020-06-12,CA,2702,64611,19082.0,423795.0,4.5,4.18
101,2020-06-13,CA,3660,62135,19627.0,416093.0,4.72,5.89
102,2020-06-14,CA,3212,77603,20043.0,439778.0,4.56,4.14
103,2020-06-15,CA,2597,66186,20133.0,436992.0,4.61,3.92
104,2020-06-16,CA,2108,69573,20071.0,451510.0,4.45,3.03
105,2020-06-17,CA,3455,60233,20824.0,457190.0,4.55,5.74
106,2020-06-18,CA,4084,76542,21818.0,476883.0,4.58,5.34
107,2020-06-19,CA,4317,81172,23433.0,493444.0,4.75,5.32
108,2020-06-20,CA,3893,78710,23666.0,510019.0,4.64,4.95
109,2020-06-21,CA,4515,84844,24969.0,517260.0,4.83,5.32
110,2020-06-22,CA,4230,92430,26602.0,543504.0,4.89,4.58
111,2020-06-23,CA,5019,85243,29513.0,559174.0,5.28,5.89
112,2020-06-24,CA,7149,95970,33207.0,594911.0,5.58,7.45
113,2020-06-25,CA,5349,101446,34472.0,619815.0,5.56,5.27
114,2020-06-26,CA,4890,76969,35045.0,615612.0,5.69,6.35
115,2020-06-27,CA,5972,90996,37124.0,627898.0,5.91,6.56
116,2020-06-28,CA,4810,93642,37419.0,636696.0,5.88,5.14
117,2020-06-29,CA,8009,105740,41198.0,650006.0,6.34,7.57
118,2020-06-30,CA,9480,105447,45659.0,670210.0,6.81,8.99
119,2020-07-01,CA,7407,87037,45917.0,661277.0,6.94,8.51
120,2020-07-02,CA,6408,84542,46976.0,644373.0,7.29,7.58
121,2020-07-03,CA,5688,109458,47774.0,676862.0,7.06,5.2
122,2020-07-04,CA,9153,104855,50955.0,690721.0,7.38,8.73
123,2020-07-05,CA,8597,127107,54742.0,724186.0,7.56,6.76
124,2020-07-06,CA,5699,113215,52432.0,731661.0,7.17,5.03
125,2020-07-07,CA,6090,103017,49042.0,729231.0,6.73,5.91
126,2020-07-08,CA,11694,99805,53329.0,741999.0,7.19,11.72
127,2020-07-09,CA,7031,82259,53952.0,739716.0,7.29,8.55
128,2020-07-10,CA,7798,97303,56062.0,727561.0,7.71,8.01
129,2020-07-11,CA,8047,99958,54956.0,722664.0,7.6,8.05
130,2020-07-12,CA,8460,130904,54819.0,726461.0,7.55,6.46
131,2020-07-13,CA,8358,137766,57478.0,751012.0,7.65,6.07
132,2020-07-14,CA,7346,130590,58734.0,778585.0,7.54,5.63
133,2020-07-15,CA,11126,118321,58166.0,797101.0,7.3,9.4
134,2020-07-16,CA,8544,122232,59679.0,837074.0,7.13,6.99
135,2020-07-17,CA,9986,128591,61867.0,868362.0,7.12,7.77
136,2020-07-18,CA,9199,123119,63019.0,891523.0,7.07,7.47
137,2020-07-19,CA,9329,119634,63888.0,880253.0,7.26,7.8
138,2020-07-20,CA,6846,127469,62376.0,869956.0,7.17,5.37
139,2020-07-21,CA,9231,122611,64261.0,861977.0,7.46,7.53
140,2020-07-22,CA,12807,127487,65942.0,871143.0,7.57,10.05
141,2020-07-23,CA,12040,113885,69438.0,862796.0,8.05,10.57
142,2020-07-24,CA,9718,137572,69170.0,871777.0,7.93,7.06
143,2020-07-25,CA,10066,131479,70037.0,880137.0,7.96,7.66
144,2020-07-26,CA,8259,120784,68967.0,881287.0,7.83,6.84
145,2020-07-27,CA,6891,128439,69012.0,882257.0,7.82,5.37
146,2020-07-28,CA,6000,121288,65781.0,880934.0,7.47,4.95
147,2020-07-29,CA,8755,99600,61729.0,853047.0,7.24,8.79
148,2020-07-30,CA,10197,116374,59886.0,855536.0,7.0,8.76
149,2020-07-31,CA,8086,177201,58254.0,895165.0,6.51,4.56
150,2020-08-01,CA,6542,75546,54730.0,839232.0,6.52,8.66
151,2020-08-02,CA,9032,149388,55503.0,867836.0,6.4,6.05
152,2020-08-03,CA,5739,148721,54351.0,888118.0,6.12,3.86
153,2020-08-04,CA,4526,121017,52877.0,887847.0,5.96,3.74
154,2020-08-05,CA,5295,103687,49417.0,891934.0,5.54,5.11
155,2020-08-06,CA,5258,91063,44478.0,866623.0,5.13,5.77
156,2020-08-07,CA,8436,96419,44828.0,785841.0,5.7,8.75
157,2020-08-08,CA,7371,110645,45657.0,820940.0,5.56,6.66
158,2020-08-09,CA,8373,118592,44998.0,790144.0,5.69,7.06
159,2020-08-10,CA,7751,172234,47010.0,813657.0,5.78,4.5
160,2020-08-11,CA,12500,187926,54984.0,880566.0,6.24,6.65
161,2020-08-12,CA,11645,117188,61334.0,894067.0,6.86,9.94
162,2020-08-13,CA,7085,142026,63161.0,945030.0,6.68,4.99
163,2020-08-14,CA,7934,111105,62659.0,959716.0,6.53,7.14
164,2020-08-15,CA,12614,124513,67902.0,973584.0,6.97,10.13
165,2020-08-16,CA,7873,117024,67402.0,972016.0,6.93,6.73
166,2020-08-17,CA,6469,135645,66120.0,935427.0,7.07,4.77
167,2020-08-18,CA,4636,115259,58256.0,862760.0,6.75,4.02
168,2020-08-19,CA,6164,91644,52775.0,837216.0,6.3,6.73
169,2020-08-20,CA,5920,87283,51610.0,782473.0,6.6,6.78
170,2020-08-21,CA,5585,101406,49261.0,772774.0,6.37,5.51
171,2020-08-22,CA,6556,106980,43203.0,755241.0,5.72,6.13
172,2020-08-23,CA,6777,104679,42107.0,742896.0,5.67,6.47
173,2020-08-24,CA,4946,111456,40584.0,718707.0,5.65,4.44
174,2020-08-25,CA,4480,110019,40428.0,713467.0,5.67,4.07
175,2020-08-26,CA,6004,70251,40268.0,692074.0,5.82,8.55
176,2020-08-27,CA,4430,85658,38778.0,690449.0,5.62,5.17
177,2020-08-28,CA,5329,92222,38522.0,681265.0,5.65,5.78
178,2020-08-29,CA,4981,98993,36947.0,673278.0,5.49,5.03
179,2020-08-30,CA,6070,122199,36240.0,690798.0,5.25,4.97
180,2020-08-31,CA,4176,141476,35470.0,720818.0,4.92,2.95
181,2020-09-01,CA,3712,97391,34702.0,708190.0,4.9,3.81
182,2020-09-02,CA,4255,109674,32953.0,747613.0,4.41,3.88
183,2020-09-03,CA,5125,83554,33648.0,745509.0,4.51,6.13
184,2020-09-04,CA,5106,133046,33425.0,786333.0,4.25,3.84
185,2020-09-05,CA,4956,119353,33400.0,806693.0,4.14,4.15
186,2020-09-06,CA,4905,130868,32235.0,815362.0,3.95,3.75
187,2020-09-07,CA,3091,111101,31150.0,784987.0,3.97,2.78
188,2020-09-08,CA,2676,109656,30114.0,797252.0,3.78,2.44
189,2020-09-09,CA,1616,75849,27475.0,763427.0,3.6,2.13
190,2020-09-10,CA,3338,46194,25688.0,726067.0,3.54,7.23
191,2020-09-11,CA,3326,61669,23908.0,654690.0,3.65,5.39
192,2020-09-12,CA,4107,105307,23059.0,640644.0,3.6,3.9
193,2020-09-13,CA,4625,133049,22779.0,642825.0,3.54,3.48
194,2020-09-14,CA,2855,116173,22543.0,647897.0,3.48,2.46
195,2020-09-15,CA,2235,121981,22102.0,660222.0,3.35,1.83
196,2020-09-16,CA,2950,72352,23436.0,656725.0,3.57,4.08
197,2020-09-17,CA,3238,79515,23336.0,690046.0,3.38,4.07
198,2020-09-18,CA,3630,97149,23640.0,725526.0,3.26,3.74
199,2020-09-19,CA,4304,166700,23837.0,786919.0,3.03,2.58
200,2020-09-20,CA,4265,179272,23477.0,833142.0,2.82,2.38
201,2020-09-21,CA,3294,149624,23916.0,866593.0,2.76,2.2
202,2020-09-22,CA,2630,131273,24311.0,875885.0,2.78,2.0
203,2020-09-23,CA,3146,75368,24507.0,878901.0,2.79,4.17
204,2020-09-24,CA,3170,73434,24439.0,872820.0,2.8,4.32
205,2020-09-25,CA,3400,99390,24209.0,875061.0,2.77,3.42
206,2020-09-26,CA,4197,130483,24102.0,838844.0,2.87,3.22
207,2020-09-27,CA,4071,150768,23908.0,810340.0,2.95,2.7
208,2020-09-28,CA,2955,151354,23569.0,812070.0,2.9,1.95
209,2020-09-29,CA,2162,128693,23101.0,809490.0,2.85,1.68
210,2020-09-30,CA,3200,91657,23155.0,825779.0,2.8,3.49
211,2020-10-01,CA,3062,66649,23047.0,818994.0,2.81,4.59
212,2020-10-02,CA,3590,96580,23237.0,816184.0,2.85,3.72
213,2020-10-03,CA,2159,130457,21199.0,816158.0,2.6,1.65
214,2020-10-04,CA,4293,161399,21421.0,826789.0,2.59,2.66
215,2020-10-05,CA,3055,141394,21521.0,816829.0,2.63,2.16
216,2020-10-06,CA,1677,128740,21036.0,816876.0,2.58,1.3
217,2020-10-07,CA,2764,126285,20600.0,851504.0,2.42,2.19
218,2020-10-08,CA,3575,66917,21113.0,851772.0,2.48,5.34
219,2020-10-09,CA,3806,112874,21329.0,868066.0,2.46,3.37
220,2020-10-10,CA,4170,141948,23340.0,879557.0,2.65,2.94
221,2020-10-11,CA,3803,168559,22850.0,886717.0,2.58,2.26
222,2020-10-12,CA,3449,144337,23244.0,889660.0,2.61,2.39
223,2020-10-13,CA,2378,142376,23945.0,903296.0,2.65,1.67
224,2020-10-14,CA,2666,91770,23847.0,868781.0,2.74,2.91
225,2020-10-15,CA,3329,92325,23601.0,894189.0,2.64,3.61
226,2020-10-16,CA,3075,104144,22870.0,885459.0,2.58,2.95
227,2020-10-17,CA,2979,134755,21679.0,878266.0,2.47,2.21
228,2020-10-18,CA,2862,135351,20738.0,845058.0,2.45,2.11
229,2020-10-19,CA,3474,150346,20763.0,851067.0,2.44,2.31
230,2020-10-20,CA,3286,146662,21671.0,855353.0,2.53,2.24
231,2020-10-21,CA,3707,104069,22712.0,867652.0,2.62,3.56
232,2020-10-22,CA,2940,65631,22323.0,840958.0,2.65,4.48
233,2020-10-23,CA,6141,124523,25389.0,861337.0,2.95,4.93
234,2020-10-24,CA,5945,125886,28355.0,852468.0,3.33,4.72
235,2020-10-25,CA,5219,178706,30712.0,895823.0,3.43,2.92
236,2020-10-26,CA,2981,194944,30219.0,940421.0,3.21,1.53
237,2020-10-27,CA,3188,144220,30121.0,937979.0,3.21,2.21
238,2020-10-28,CA,4515,96547,30929.0,930457.0,3.32,4.68
0,2020-03-07,LA,0,0,,,,
1,2020-03-08,LA,0,5,,,,0.0
2,2020-03-09,LA,1,1,,,,100.0
3,2020-03-10,LA,0,6,,,,0.0
4,2020-03-11,LA,5,31,,,,16.13
5,2020-03-12,LA,8,8,,,,100.0
6,2020-03-13,LA,22,22,36.0,73.0,49.32,100.0
7,2020-03-14,LA,15,87,51.0,160.0,31.87,17.24
8,2020-03-15,LA,39,86,90.0,241.0,37.34,45.35
9,2020-03-16,LA,25,57,114.0,297.0,38.38,43.86
10,2020-03-17,LA,22,120,136.0,411.0,33.09,18.33
11,2020-03-18,LA,103,152,234.0,532.0,43.98,67.76
12,2020-03-19,LA,107,230,333.0,754.0,44.16,46.52
13,2020-03-20,LA,126,236,437.0,968.0,45.14,53.39
14,2020-03-21,LA,107,1719,529.0,2600.0,20.35,6.22
15,2020-03-22,LA,257,738,747.0,3252.0,22.97,34.82
16,2020-03-23,LA,335,2450,1057.0,5645.0,18.72,13.67
17,2020-03-24,LA,216,2655,1251.0,8180.0,15.29,8.14
18,2020-03-25,LA,407,2848,1555.0,10876.0,14.3,14.29
19,2020-03-26,LA,510,6578,1958.0,17224.0,11.37,7.75
20,2020-03-27,LA,441,3330,2273.0,20318.0,11.19,13.24
21,2020-03-28,LA,569,3802,2735.0,22401.0,12.21,14.97
22,2020-03-29,LA,225,2710,2703.0,24373.0,11.09,8.3
23,2020-03-30,LA,485,6162,2853.0,28085.0,10.16,7.87
24,2020-03-31,LA,1212,4934,3849.0,30364.0,12.68,24.56
25,2020-04-01,LA,1187,6809,4629.0,34325.0,13.49,17.43
26,2020-04-02,LA,2726,5310,6845.0,33057.0,20.71,51.34
27,2020-04-03,LA,1147,2559,7551.0,32286.0,23.39,44.82
28,2020-04-04,LA,2199,4853,9181.0,33337.0,27.54,45.31
29,2020-04-05,LA,514,1827,9470.0,32454.0,29.18,28.13
30,2020-04-06,LA,1857,8841,10842.0,35133.0,30.86,21.0
31,2020-04-07,LA,1417,5489,11047.0,35688.0,30.95,25.82
32,2020-04-08,LA,746,6751,10606.0,35630.0,29.77,11.05
33,2020-04-09,LA,1253,5513,9133.0,35833.0,25.49,22.73
34,2020-04-10,LA,970,5361,8956.0,38635.0,23.18,18.09
35,2020-04-11,LA,761,4635,7518.0,38417.0,19.57,16.42
36,2020-04-12,LA,581,7130,7585.0,43720.0,17.35,8.15
37,2020-04-13,LA,421,4046,6149.0,38925.0,15.8,10.41
38,2020-04-14,LA,502,10331,5234.0,43767.0,11.96,4.86
39,2020-04-15,LA,433,3506,4921.0,40522.0,12.14,12.35
40,2020-04-16,LA,581,4658,4249.0,39667.0,10.71,12.47
41,2020-04-17,LA,586,5401,3865.0,39707.0,9.73,10.85
42,2020-04-18,LA,462,6012,3566.0,41084.0,8.68,7.68
43,2020-04-19,LA,348,-2651,3333.0,31303.0,10.65,-13.13
44,2020-04-20,LA,595,763,3507.0,28020.0,12.52,77.98
45,2020-04-21,LA,331,331,3336.0,18020.0,18.51,100.0
46,2020-04-22,LA,404,404,3307.0,14918.0,22.17,100.0
47,2020-04-23,LA,481,667,3207.0,10927.0,29.35,72.11
48,2020-04-24,LA,401,599,3022.0,6125.0,49.34,66.94
49,2020-04-25,LA,372,890,2932.0,1003.0,292.32,41.8
50,2020-04-26,LA,261,4034,2845.0,7688.0,37.01,6.47
51,2020-04-27,LA,295,3953,2545.0,10878.0,23.4,7.46
52,2020-04-28,LA,218,4119,2432.0,14666.0,16.58,5.29
53,2020-04-29,LA,374,5460,2402.0,19722.0,12.18,6.85
54,2020-04-30,LA,341,4741,2262.0,23796.0,9.51,7.19
55,2020-05-01,LA,710,6942,2571.0,30139.0,8.53,10.23
56,2020-05-02,LA,429,4607,2628.0,33856.0,7.76,9.31
57,2020-05-03,LA,200,3302,2567.0,33124.0,7.75,6.06
58,2020-05-04,LA,333,4771,2605.0,33942.0,7.67,6.98
59,2020-05-05,LA,323,7300,2710.0,37123.0,7.3,4.42
60,2020-05-06,LA,403,6441,2739.0,38104.0,7.19,6.26
61,2020-05-07,LA,253,6095,2651.0,39458.0,6.72,4.15
62,2020-05-08,LA,203,1649,2144.0,34165.0,6.28,12.31
63,2020-05-09,LA,562,9741,2277.0,39299.0,5.79,5.77
64,2020-05-10,LA,183,3715,2260.0,39712.0,5.69,4.93
65,2020-05-11,LA,215,4958,2142.0,39899.0,5.37,4.34
66,2020-05-12,LA,235,7182,2054.0,39781.0,5.16,3.27
67,2020-05-13,LA,612,9892,2263.0,43232.0,5.23,6.19
68,2020-05-14,LA,827,9684,2837.0,46821.0,6.06,8.54
69,2020-05-15,LA,348,5601,2982.0,50773.0,5.87,6.21
70,2020-05-16,LA,280,6553,2700.0,47585.0,5.67,4.27
71,2020-05-17,LA,315,5428,2832.0,49298.0,5.74,5.8
72,2020-05-18,LA,277,4578,2894.0,48918.0,5.92,6.05
73,2020-05-19,LA,329,8325,2988.0,50061.0,5.97,3.95
74,2020-05-20,LA,278,7897,2654.0,48066.0,5.52,3.52
75,2020-05-21,LA,1188,19411,3015.0,57793.0,5.22,6.12
76,2020-05-22,LA,421,6427,3088.0,58619.0,5.27,6.55
77,2020-05-23,LA,115,2639,2923.0,54705.0,5.34,4.36
78,2020-05-24,LA,129,1589,2737.0,50866.0,5.38,8.12
79,2020-05-25,LA,640,14862,3100.0,61150.0,5.07,4.31
80,2020-05-26,LA,245,10128,3016.0,62953.0,4.79,2.42
81,2020-05-27,LA,443,6621,3181.0,61677.0,5.16,6.69
82,2020-05-28,LA,305,7380,2298.0,49646.0,4.63,4.13
83,2020-05-29,LA,0,0,1877.0,43219.0,4.34,
84,2020-05-30,LA,775,13792,2537.0,54372.0,4.67,5.62
85,2020-05-31,LA,339,6290,2747.0,59073.0,4.65,5.39
86,2020-06-01,LA,425,12261,2532.0,56472.0,4.48,3.47
87,2020-06-02,LA,405,5763,2692.0,52107.0,5.17,7.03
88,2020-06-03,LA,387,8954,2636.0,54440.0,4.84,4.32
89,2020-06-04,LA,429,9099,2760.0,56159.0,4.91,4.71
90,2020-06-05,LA,427,9600,3187.0,65759.0,4.85,4.45
91,2020-06-06,LA,497,7283,2909.0,59250.0,4.91,6.82
92,2020-06-07,LA,330,5996,2900.0,58956.0,4.92,5.5
93,2020-06-08,LA,234,8537,2709.0,55232.0,4.9,2.74
94,2020-06-09,LA,562,11066,2866.0,60535.0,4.73,5.08
95,2020-06-10,LA,418,6452,2897.0,58033.0,4.99,6.48
96,2020-06-11,LA,442,9553,2910.0,58487.0,4.98,4.63
97,2020-06-12,LA,523,9861,3006.0,58748.0,5.12,5.3
98,2020-06-13,LA,1288,24849,3797.0,76314.0,4.98,5.18
99,2020-06-14,LA,336,4949,3803.0,75267.0,5.05,6.79
100,2020-06-15,LA,553,9393,4122.0,76123.0,5.41,5.89
101,2020-06-16,LA,534,13992,4094.0,79049.0,5.18,3.82
102,2020-06-17,LA,928,12504,4604.0,85101.0,5.41,7.42
103,2020-06-18,LA,0,0,4162.0,75548.0,5.51,
104,2020-06-19,LA,-119,45688,3520.0,111375.0,3.16,-0.26
105,2020-06-20,LA,870,13907,3102.0,100433.0,3.09,6.26
106,2020-06-21,LA,393,5996,3159.0,101480.0,3.11,6.55
107,2020-06-22,LA,461,7252,3067.0,99339.0,3.09,6.36
108,2020-06-23,LA,1356,17875,3889.0,103222.0,3.77,7.59
109,2020-06-24,LA,882,12566,3843.0,103284.0,3.72,7.02
110,2020-06-25,LA,938,12160,4781.0,115444.0,4.14,7.71
111,2020-06-26,LA,1354,17341,6254.0,87097.0,7.18,7.81
112,2020-06-27,LA,0,0,5384.0,73190.0,7.36,
113,2020-06-28,LA,1467,18105,6458.0,85299.0,7.57,8.1
114,2020-06-29,LA,845,8526,6842.0,86573.0,7.9,9.91
115,2020-06-30,LA,1014,23874,6500.0,92572.0,7.02,4.25
116,2020-07-01,LA,2083,23577,7701.0,103583.0,7.43,8.83
117,2020-07-02,LA,1383,15286,8146.0,106709.0,7.63,9.05
118,2020-07-03,LA,1728,16768,8520.0,106136.0,8.03,10.31
119,2020-07-04,LA,0,0,8520.0,106136.0,8.03,
120,2020-07-05,LA,1937,18312,8990.0,106343.0,8.45,10.58
121,2020-07-06,LA,1101,11191,9246.0,109008.0,8.48,9.84
122,2020-07-07,LA,1936,33953,10168.0,119087.0,8.54,5.7
123,2020-07-08,LA,1888,18139,9973.0,113649.0,8.78,10.41
124,2020-07-09,LA,1843,14403,10433.0,112766.0,9.25,12.8
125,2020-07-10,LA,2642,25108,11347.0,121106.0,9.37,10.52
126,2020-07-11,LA,2167,19199,13514.0,140305.0,9.63,11.29
127,2020-07-12,LA,1319,10548,12896.0,132541.0,9.73,12.5
128,2020-07-13,LA,1705,18431,13500.0,139781.0,9.66,9.25
129,2020-07-14,LA,2215,23029,13779.0,128857.0,10.69,9.62
130,2020-07-15,LA,2089,24745,13980.0,135463.0,10.32,8.44
131,2020-07-16,LA,2280,22937,14417.0,143997.0,10.01,9.94
132,2020-07-17,LA,2179,19803,13954.0,138692.0,10.06,11.0
133,2020-07-18,LA,0,0,11787.0,119493.0,9.86,
134,2020-07-19,LA,3116,25364,13584.0,134309.0,10.11,12.29
135,2020-07-20,LA,3186,33620,15065.0,149498.0,10.08,9.48
136,2020-07-21,LA,1691,20038,14541.0,146507.0,9.93,8.44
137,2020-07-22,LA,2771,29939,15223.0,151701.0,10.03,9.26
138,2020-07-23,LA,2296,21967,15239.0,150731.0,10.11,10.45
139,2020-07-24,LA,2084,24858,15144.0,155786.0,9.72,8.38
140,2020-07-25,LA,0,0,15144.0,155786.0,9.72,
141,2020-07-26,LA,3840,33538,15868.0,163960.0,9.68,11.45
142,2020-07-27,LA,2343,26758,15025.0,157098.0,9.56,8.76
143,2020-07-28,LA,1121,16282,14455.0,153342.0,9.43,6.88
144,2020-07-29,LA,1735,18827,13419.0,142230.0,9.43,9.22
145,2020-07-30,LA,1708,22259,12831.0,142522.0,9.0,7.67
146,2020-07-31,LA,1799,24853,12546.0,142517.0,8.8,7.24
147,2020-08-01,LA,0,0,12546.0,142517.0,8.8,
148,2020-08-02,LA,3467,37197,12173.0,146176.0,8.33,9.32
149,2020-08-03,LA,1099,14470,10929.0,133888.0,8.16,7.6
150,2020-08-04,LA,3615,55947,13423.0,173553.0,7.73,6.46
151,2020-08-05,LA,1482,20010,13170.0,174736.0,7.54,7.41
152,2020-08-06,LA,1303,15105,12765.0,167582.0,7.62,8.63
153,2020-08-07,LA,1500,20030,12466.0,162759.0,7.66,7.49
154,2020-08-08,LA,0,0,12466.0,162759.0,7.66,
155,2020-08-09,LA,2653,35569,11652.0,161131.0,7.23,7.46
156,2020-08-10,LA,562,7362,11115.0,154023.0,7.22,7.63
157,2020-08-11,LA,1164,20631,8664.0,118707.0,7.3,5.64
158,2020-08-12,LA,1179,30045,8361.0,128742.0,6.49,3.92
159,2020-08-13,LA,1135,17371,8193.0,131008.0,6.25,6.53
160,2020-08-14,LA,1298,21032,7991.0,132010.0,6.05,6.17
161,2020-08-15,LA,0,0,7991.0,132010.0,6.05,
162,2020-08-16,LA,1181,21075,6519.0,117516.0,5.55,5.6
163,2020-08-17,LA,567,16202,6524.0,126356.0,5.16,3.5
164,2020-08-18,LA,640,15702,6000.0,121427.0,4.94,4.08
165,2020-08-19,LA,778,14983,5599.0,106365.0,5.26,5.19
166,2020-08-20,LA,918,14060,5382.0,103054.0,5.22,6.53
167,2020-08-21,LA,899,19773,4983.0,101795.0,4.9,4.55
168,2020-08-22,LA,0,0,4983.0,101795.0,4.9,
169,2020-08-23,LA,1223,25031,5025.0,105751.0,4.75,4.89
170,2020-08-24,LA,623,8643,5081.0,98192.0,5.17,7.21
171,2020-08-25,LA,550,21581,4991.0,104071.0,4.8,2.55
172,2020-08-26,LA,1545,14806,5758.0,103894.0,5.54,10.43
173,2020-08-27,LA,677,10036,5517.0,99870.0,5.52,6.75
174,2020-08-28,LA,606,10275,5224.0,90372.0,5.78,5.9
175,2020-08-29,LA,0,0,5224.0,90372.0,5.78,
176,2020-08-30,LA,1624,40272,5625.0,105613.0,5.33,4.03
177,2020-08-31,LA,326,4039,5328.0,101009.0,5.27,8.07
178,2020-09-01,LA,689,17036,5467.0,96464.0,5.67,4.04
179,2020-09-02,LA,1151,14253,5073.0,95911.0,5.29,8.08
180,2020-09-03,LA,813,12320,5209.0,98195.0,5.3,6.6
181,2020-09-04,LA,822,15545,5425.0,103465.0,5.24,5.29
182,2020-09-05,LA,0,0,5425.0,103465.0,5.24,
183,2020-09-06,LA,1395,26600,5196.0,89793.0,5.79,5.24
184,2020-09-07,LA,309,4985,5179.0,90739.0,5.71,6.2
185,2020-09-08,LA,256,4125,4746.0,77828.0,6.1,6.21
186,2020-09-09,LA,1561,31608,5156.0,95183.0,5.42,4.94
187,2020-09-10,LA,464,10557,4807.0,93420.0,5.15,4.4
188,2020-09-11,LA,755,27234,4740.0,105109.0,4.51,2.77
189,2020-09-12,LA,0,0,4740.0,105109.0,4.51,
190,2020-09-13,LA,1281,28977,4626.0,107486.0,4.3,4.42
191,2020-09-14,LA,492,12569,4809.0,115070.0,4.18,3.91
192,2020-09-15,LA,371,12659,4924.0,123604.0,3.98,2.93
193,2020-09-16,LA,612,23226,3975.0,115222.0,3.45,2.63
194,2020-09-17,LA,478,9006,3989.0,113671.0,3.51,5.31
195,2020-09-18,LA,979,22796,4213.0,109233.0,3.86,4.29
196,2020-09-19,LA,0,0,4213.0,109233.0,3.86,
197,2020-09-20,LA,936,32013,3868.0,112269.0,3.45,2.92
198,2020-09-21,LA,243,6793,3619.0,106493.0,3.4,3.58
199,2020-09-22,LA,752,21182,4000.0,115016.0,3.48,3.55
200,2020-09-23,LA,616,13035,4004.0,104825.0,3.82,4.73
201,2020-09-24,LA,577,17525,4103.0,113344.0,3.62,3.29
202,2020-09-25,LA,706,18531,3830.0,109079.0,3.51,3.81
203,2020-09-26,LA,0,0,3830.0,109079.0,3.51,
204,2020-09-27,LA,923,27084,3817.0,104150.0,3.66,3.41
205,2020-09-28,LA,240,6469,3814.0,103826.0,3.67,3.71
206,2020-09-29,LA,533,18139,3595.0,100783.0,3.57,2.94
207,2020-09-30,LA,610,10847,3589.0,98595.0,3.64,5.62
208,2020-10-01,LA,551,16141,3563.0,97211.0,3.67,3.41
209,2020-10-02,LA,817,22704,3674.0,101384.0,3.62,3.6
210,2020-10-03,LA,0,0,3674.0,101384.0,3.62,
211,2020-10-04,LA,893,26221,3644.0,100521.0,3.63,3.41
212,2020-10-05,LA,218,7350,3622.0,101402.0,3.57,2.97
213,2020-10-06,LA,532,12760,3621.0,96023.0,3.77,4.17
214,2020-10-07,LA,2156,24135,5167.0,109311.0,4.73,8.93
215,2020-10-08,LA,524,12300,5140.0,105470.0,4.87,4.26
216,2020-10-09,LA,257,9872,4580.0,92638.0,4.94,2.6
217,2020-10-10,LA,0,0,4580.0,92638.0,4.94,
218,2020-10-11,LA,1181,38781,4868.0,105198.0,4.63,3.05
219,2020-10-12,LA,60,3397,4710.0,101245.0,4.65,1.77
220,2020-10-13,LA,682,20582,4860.0,109067.0,4.46,3.31
221,2020-10-14,LA,880,6876,3584.0,91808.0,3.9,12.8
222,2020-10-15,LA,743,26284,3803.0,105792.0,3.59,2.83
223,2020-10-16,LA,774,19645,4320.0,115565.0,3.74,3.94
224,2020-10-17,LA,0,0,4320.0,115565.0,3.74,
225,2020-10-18,LA,1143,26946,4282.0,103730.0,4.13,4.24
226,2020-10-19,LA,201,4866,4423.0,105199.0,4.2,4.13
227,2020-10-20,LA,699,18993,4440.0,103610.0,4.29,3.68
228,2020-10-21,LA,1363,14947,4923.0,111681.0,4.41,9.12
229,2020-10-22,LA,772,19756,4952.0,105153.0,4.71,3.91
230,2020-10-23,LA,699,20078,4877.0,105586.0,4.62,3.48
231,2020-10-24,LA,0,0,4877.0,105586.0,4.62,
232,2020-10-25,LA,972,26269,4706.0,104909.0,4.49,3.7
233,2020-10-26,LA,227,5059,4732.0,105102.0,4.5,4.49
234,2020-10-27,LA,922,20711,4955.0,106820.0,4.64,4.45
235,2020-10-28,LA,1098,15124,4690.0,106997.0,4.38,7.26
0,2020-03-06,KS,0,0,,,,
1,2020-03-07,KS,0,7,,,,0.0
2,2020-03-08,KS,1,1,,,,100.0
3,2020-03-09,KS,0,0,,,,
4,2020-03-10,KS,0,6,,,,0.0
5,2020-03-11,KS,0,24,,,,0.0
6,2020-03-12,KS,3,3,4.0,41.0,9.76,100.0
7,2020-03-13,KS,2,54,6.0,95.0,6.32,3.7
8,2020-03-14,KS,0,0,6.0,88.0,6.82,
9,2020-03-15,KS,2,44,7.0,131.0,5.34,4.55
10,2020-03-16,KS,3,34,10.0,165.0,6.06,8.82
11,2020-03-17,KS,4,220,14.0,379.0,3.69,1.82
12,2020-03-18,KS,1,36,15.0,391.0,3.84,2.78
13,2020-03-19,KS,18,18,30.0,406.0,7.39,100.0
14,2020-03-20,KS,10,10,38.0,362.0,10.5,100.0
15,2020-03-21,KS,11,11,49.0,373.0,13.14,100.0
16,2020-03-22,KS,9,9,56.0,338.0,16.57,100.0
17,2020-03-23,KS,18,18,71.0,322.0,22.05,100.0
18,2020-03-24,KS,16,1685,83.0,1787.0,4.64,0.95
19,2020-03-25,KS,28,302,110.0,2053.0,5.36,9.27
20,2020-03-26,KS,42,551,134.0,2586.0,5.18,7.62
21,2020-03-27,KS,34,394,158.0,2970.0,5.32,8.63
22,2020-03-28,KS,59,501,206.0,3460.0,5.95,11.78
23,2020-03-29,KS,58,581,255.0,4032.0,6.32,9.98
24,2020-03-30,KS,49,409,286.0,4423.0,6.47,11.98
25,2020-03-31,KS,60,502,330.0,3240.0,10.19,11.95
26,2020-04-01,KS,54,469,356.0,3407.0,10.45,11.51
27,2020-04-02,KS,70,718,384.0,3574.0,10.74,9.75
28,2020-04-03,KS,68,463,418.0,3643.0,11.47,14.69
29,2020-04-04,KS,78,504,437.0,3646.0,11.99,15.48
30,2020-04-05,KS,49,645,428.0,3710.0,11.54,7.6
31,2020-04-06,KS,98,861,477.0,4162.0,11.46,11.38
32,2020-04-07,KS,55,430,472.0,4090.0,11.54,12.79
33,2020-04-08,KS,146,669,564.0,4290.0,13.15,21.82
34,2020-04-09,KS,60,592,554.0,4164.0,13.3,10.14
35,2020-04-10,KS,60,639,546.0,4340.0,12.58,9.39
36,2020-04-11,KS,102,929,570.0,4765.0,11.96,10.98
37,2020-04-12,KS,69,910,590.0,5030.0,11.73,7.58
38,2020-04-13,KS,39,611,531.0,4780.0,11.11,6.38
39,2020-04-14,KS,50,283,526.0,4633.0,11.35,17.67
40,2020-04-15,KS,68,521,448.0,4485.0,9.99,13.05
41,2020-04-16,KS,94,1454,482.0,5347.0,9.01,6.46
42,2020-04-17,KS,117,779,539.0,5487.0,9.82,15.02
43,2020-04-18,KS,85,775,522.0,5333.0,9.79,10.97
44,2020-04-19,KS,59,454,512.0,4877.0,10.5,13.0
45,2020-04-20,KS,137,631,610.0,4897.0,12.46,21.71
46,2020-04-21,KS,39,340,599.0,4954.0,12.09,11.47
47,2020-04-22,KS,186,1102,717.0,5535.0,12.95,16.88
48,2020-04-23,KS,271,1115,894.0,5196.0,17.21,24.3
49,2020-04-24,KS,295,2270,1072.0,6687.0,16.03,13.0
50,2020-04-25,KS,279,1611,1266.0,7523.0,16.83,17.32
51,2020-04-26,KS,118,1028,1325.0,8097.0,16.36,11.48
52,2020-04-27,KS,154,940,1342.0,8406.0,15.96,16.38
53,2020-04-28,KS,163,923,1466.0,8989.0,16.31,17.66
54,2020-04-29,KS,247,1368,1527.0,9255.0,16.5,18.06
55,2020-04-30,KS,500,2168,1756.0,10308.0,17.04,23.06
56,2020-05-01,KS,211,1408,1672.0,9446.0,17.7,14.99
57,2020-05-02,KS,297,1908,1690.0,9743.0,17.35,15.57
58,2020-05-03,KS,284,1836,1856.0,10551.0,17.59,15.47
59,2020-05-04,KS,215,1825,1917.0,11436.0,16.76,11.78
60,2020-05-05,KS,213,1489,1967.0,12002.0,16.39,14.3
61,2020-05-06,KS,276,2022,1996.0,12656.0,15.77,13.65
62,2020-05-07,KS,410,2708,1906.0,13196.0,14.44,15.14
63,2020-05-08,KS,357,2886,2052.0,14674.0,13.98,12.37
64,2020-05-09,KS,250,2225,2005.0,14991.0,13.37,11.24
65,2020-05-10,KS,197,2572,1918.0,15727.0,12.2,7.66
66,2020-05-11,KS,168,1604,1871.0,15506.0,12.07,10.47
67,2020-05-12,KS,0,0,1658.0,14017.0,11.83,
68,2020-05-13,KS,352,3519,1734.0,15514.0,11.18,10.0
69,2020-05-14,KS,0,0,1324.0,12806.0,10.34,
70,2020-05-15,KS,418,3964,1385.0,13884.0,9.98,10.54
71,2020-05-16,KS,0,0,1135.0,11659.0,9.73,
72,2020-05-17,KS,0,0,938.0,9087.0,10.32,
73,2020-05-18,KS,454,5398,1224.0,12881.0,9.5,8.41
74,2020-05-19,KS,0,0,1224.0,12881.0,9.5,
75,2020-05-20,KS,199,4213,1071.0,13575.0,7.89,4.72
76,2020-05-21,KS,0,0,1071.0,13575.0,7.89,
77,2020-05-22,KS,419,5231,1072.0,14842.0,7.22,8.01
78,2020-05-23,KS,0,0,1072.0,14842.0,7.22,
79,2020-05-24,KS,0,0,1072.0,14842.0,7.22,
80,2020-05-25,KS,260,4965,878.0,14409.0,6.09,5.24
81,2020-05-26,KS,0,0,878.0,14409.0,6.09,
82,2020-05-27,KS,119,3089,798.0,13285.0,6.01,3.85
83,2020-05-28,KS,0,0,798.0,13285.0,6.01,
84,2020-05-29,KS,382,10461,761.0,18515.0,4.11,3.65
85,2020-05-30,KS,0,0,761.0,18515.0,4.11,
86,2020-05-31,KS,0,0,761.0,18515.0,4.11,
87,2020-06-01,KS,292,292,793.0,13842.0,5.73,100.0
88,2020-06-02,KS,0,8071,793.0,21913.0,3.62,0.0
89,2020-06-03,KS,159,4741,833.0,23565.0,3.53,3.35
90,2020-06-04,KS,0,0,833.0,23565.0,3.53,
91,2020-06-05,KS,223,5600,674.0,18704.0,3.6,3.98
92,2020-06-06,KS,0,0,674.0,18704.0,3.6,
93,2020-06-07,KS,0,0,674.0,18704.0,3.6,
94,2020-06-08,KS,257,5856,639.0,24268.0,2.63,4.39
95,2020-06-09,KS,0,0,639.0,16197.0,3.95,
96,2020-06-10,KS,162,4233,642.0,15689.0,4.09,3.83
97,2020-06-11,KS,0,0,642.0,15689.0,4.09,
98,2020-06-12,KS,235,5410,654.0,15499.0,4.22,4.34
99,2020-06-13,KS,0,0,654.0,15499.0,4.22,
100,2020-06-14,KS,0,0,654.0,15499.0,4.22,
101,2020-06-15,KS,372,7810,769.0,17453.0,4.41,4.76
102,2020-06-16,KS,0,0,769.0,17453.0,4.41,
103,2020-06-17,KS,262,5162,869.0,18382.0,4.73,5.08
104,2020-06-18,KS,0,0,869.0,18382.0,4.73,
105,2020-06-19,KS,378,5525,1012.0,18497.0,5.47,6.84
106,2020-06-20,KS,0,0,1012.0,18497.0,5.47,
107,2020-06-21,KS,0,0,1012.0,18497.0,5.47,
108,2020-06-22,KS,406,7364,1046.0,18051.0,5.79,5.51
109,2020-06-23,KS,0,0,1046.0,18051.0,5.79,
110,2020-06-24,KS,505,6692,1289.0,19581.0,6.58,7.55
111,2020-06-25,KS,0,0,1289.0,19581.0,6.58,
112,2020-06-26,KS,568,6154,1479.0,20210.0,7.32,9.23
113,2020-06-27,KS,0,0,1479.0,20210.0,7.32,
114,2020-06-28,KS,0,0,1479.0,20210.0,7.32,
115,2020-06-29,KS,905,8866,1978.0,21712.0,9.11,10.21
116,2020-06-30,KS,0,0,1978.0,21712.0,9.11,
117,2020-07-01,KS,547,6448,2020.0,21468.0,9.41,8.48
118,2020-07-02,KS,0,0,2020.0,21468.0,9.41,
119,2020-07-03,KS,929,8388,2381.0,23702.0,10.05,11.08
120,2020-07-04,KS,0,0,2381.0,23702.0,10.05,
121,2020-07-05,KS,0,0,2381.0,23702.0,10.05,
122,2020-07-06,KS,982,10658,2458.0,25494.0,9.64,9.21
123,2020-07-07,KS,0,0,2458.0,25494.0,9.64,
124,2020-07-08,KS,717,6263,2628.0,25309.0,10.38,11.45
125,2020-07-09,KS,0,0,2628.0,25309.0,10.38,
126,2020-07-10,KS,993,9297,2692.0,26218.0,10.27,10.68
127,2020-07-11,KS,0,0,2692.0,26218.0,10.27,
128,2020-07-12,KS,0,0,2692.0,26218.0,10.27,
129,2020-07-13,KS,1447,13396,3157.0,28956.0,10.9,10.8
130,2020-07-14,KS,0,0,3157.0,28956.0,10.9,
131,2020-07-15,KS,875,8199,3315.0,30892.0,10.73,10.67
132,2020-07-16,KS,0,0,3315.0,30892.0,10.73,
133,2020-07-17,KS,1032,9979,3354.0,31574.0,10.62,10.34
134,2020-07-18,KS,0,0,3354.0,31574.0,10.62,
135,2020-07-19,KS,0,0,3354.0,31574.0,10.62,
136,2020-07-20,KS,1369,12178,3276.0,30356.0,10.79,11.24
137,2020-07-21,KS,0,0,3276.0,30356.0,10.79,
138,2020-07-22,KS,770,7155,3171.0,29312.0,10.82,10.76
139,2020-07-23,KS,0,0,3171.0,29312.0,10.82,
140,2020-07-24,KS,1005,9281,3144.0,28614.0,10.99,10.83
141,2020-07-25,KS,0,0,3144.0,28614.0,10.99,
142,2020-07-26,KS,0,0,3144.0,28614.0,10.99,
143,2020-07-27,KS,1063,969,2838.0,17405.0,16.31,109.7
144,2020-07-28,KS,0,0,2838.0,17405.0,16.31,
145,2020-07-29,KS,698,6013,2766.0,16263.0,17.01,11.61
146,2020-07-30,KS,0,0,2766.0,16263.0,17.01,
147,2020-07-31,KS,942,7558,2703.0,14540.0,18.59,12.46
148,2020-08-01,KS,0,0,2703.0,14540.0,18.59,
149,2020-08-02,KS,0,0,2703.0,14540.0,18.59,
150,2020-08-03,KS,1064,9332,2704.0,22903.0,11.81,11.4
151,2020-08-04,KS,0,0,2704.0,22903.0,11.81,
152,2020-08-05,KS,841,6879,2847.0,23769.0,11.98,12.23
153,2020-08-06,KS,0,0,2847.0,23769.0,11.98,
154,2020-08-07,KS,921,7794,2826.0,24005.0,11.77,11.82
155,2020-08-08,KS,0,0,2826.0,24005.0,11.77,
156,2020-08-09,KS,0,0,2826.0,24005.0,11.77,
157,2020-08-10,KS,1092,10157,2854.0,24830.0,11.49,10.75
158,2020-08-11,KS,0,0,2854.0,24830.0,11.49,
159,2020-08-12,KS,817,7894,2830.0,25845.0,10.95,10.35
160,2020-08-13,KS,0,0,2830.0,25845.0,10.95,
161,2020-08-14,KS,1338,8480,3247.0,26531.0,12.24,15.78
162,2020-08-15,KS,0,0,3247.0,26531.0,12.24,
163,2020-08-16,KS,0,0,3247.0,26531.0,12.24,
164,2020-08-17,KS,1282,11219,3437.0,27593.0,12.46,11.43
165,2020-08-18,KS,0,0,3437.0,27593.0,12.46,
166,2020-08-19,KS,723,5578,3343.0,25277.0,13.23,12.96
167,2020-08-20,KS,0,0,3343.0,25277.0,13.23,
168,2020-08-21,KS,966,6475,2971.0,23272.0,12.77,14.92
169,2020-08-22,KS,0,0,2971.0,23272.0,12.77,
170,2020-08-23,KS,0,0,2971.0,23272.0,12.77,
171,2020-08-24,KS,1545,20642,3234.0,32695.0,9.89,7.48
172,2020-08-25,KS,0,0,3234.0,32695.0,9.89,
173,2020-08-26,KS,1536,8140,4047.0,35257.0,11.48,18.87
174,2020-08-27,KS,0,0,4047.0,35257.0,11.48,
175,2020-08-28,KS,1111,8050,4192.0,36832.0,11.38,13.8
176,2020-08-29,KS,0,0,4192.0,36832.0,11.38,
177,2020-08-30,KS,0,0,4192.0,36832.0,11.38,
178,2020-08-31,KS,1564,10102,4211.0,26292.0,16.02,15.48
179,2020-09-01,KS,0,0,4211.0,26292.0,16.02,
180,2020-09-02,KS,1328,5998,4003.0,24150.0,16.58,22.14
181,2020-09-03,KS,0,0,4003.0,24150.0,16.58,
182,2020-09-04,KS,1280,7958,4172.0,24058.0,17.34,16.08
183,2020-09-05,KS,0,0,4172.0,24058.0,17.34,
184,2020-09-06,KS,0,0,4172.0,24058.0,17.34,
185,2020-09-07,KS,1694,9481,4302.0,23437.0,18.36,17.87
186,2020-09-08,KS,0,0,4302.0,23437.0,18.36,
187,2020-09-09,KS,496,4728,3470.0,22167.0,15.65,10.49
188,2020-09-10,KS,0,0,3470.0,22167.0,15.65,
189,2020-09-11,KS,976,7516,3166.0,21725.0,14.57,12.99
190,2020-09-12,KS,0,0,3166.0,21725.0,14.57,
191,2020-09-13,KS,0,0,3166.0,21725.0,14.57,
192,2020-09-14,KS,1513,9451,2985.0,21695.0,13.76,16.01
193,2020-09-15,KS,0,0,2985.0,21695.0,13.76,
194,2020-09-16,KS,971,5845,3460.0,22812.0,15.17,16.61
195,2020-09-17,KS,0,0,3460.0,22812.0,15.17,
196,2020-09-18,KS,1415,10523,3899.0,25819.0,15.1,13.45
197,2020-09-19,KS,0,0,3899.0,25819.0,15.1,
198,2020-09-20,KS,0,0,3899.0,25819.0,15.1,
199,2020-09-21,KS,1674,9942,4060.0,26310.0,15.43,16.84
200,2020-09-22,KS,0,0,4060.0,26310.0,15.43,
201,2020-09-23,KS,1267,7590,4356.0,28055.0,15.53,16.69
202,2020-09-24,KS,0,0,4356.0,28055.0,15.53,
203,2020-09-25,KS,1366,10489,4307.0,28021.0,15.37,13.02
204,2020-09-26,KS,0,0,4307.0,28021.0,15.37,
205,2020-09-27,KS,0,0,4307.0,28021.0,15.37,
206,2020-09-28,KS,2037,11139,4670.0,29218.0,15.98,18.29
207,2020-09-29,KS,0,0,4670.0,29218.0,15.98,
208,2020-09-30,KS,1120,7541,4523.0,29169.0,15.51,14.85
209,2020-10-01,KS,0,0,4523.0,29169.0,15.51,
210,2020-10-02,KS,1362,9667,4519.0,28347.0,15.94,14.09
211,2020-10-03,KS,0,0,4519.0,28347.0,15.94,
212,2020-10-04,KS,0,0,4519.0,28347.0,15.94,
213,2020-10-05,KS,1597,9989,4079.0,27197.0,15.0,15.99
214,2020-10-06,KS,0,0,4079.0,27197.0,15.0,
215,2020-10-07,KS,1244,8292,4203.0,27948.0,15.04,15.0
216,2020-10-08,KS,0,0,4203.0,27948.0,15.04,
217,2020-10-09,KS,1855,10791,4696.0,29072.0,16.15,17.19
218,2020-10-10,KS,0,0,4696.0,29072.0,16.15,
219,2020-10-11,KS,0,0,4696.0,29072.0,16.15,
220,2020-10-12,KS,2055,11892,5154.0,30975.0,16.64,17.28
221,2020-10-13,KS,0,0,5154.0,30975.0,16.64,
222,2020-10-14,KS,1293,7746,5203.0,30429.0,17.1,16.69
223,2020-10-15,KS,0,0,5203.0,30429.0,17.1,
224,2020-10-16,KS,1700,9362,5048.0,29000.0,17.41,18.16
225,2020-10-17,KS,0,0,5048.0,29000.0,17.41,
226,2020-10-18,KS,0,0,5048.0,29000.0,17.41,
227,2020-10-19,KS,2113,9205,5106.0,26313.0,19.4,22.95
228,2020-10-20,KS,0,0,5106.0,26313.0,19.4,
229,2020-10-21,KS,1488,7115,5301.0,25682.0,20.64,20.91
230,2020-10-22,KS,0,0,5301.0,25682.0,20.64,
231,2020-10-23,KS,1774,10753,5375.0,27073.0,19.85,16.5
232,2020-10-24,KS,0,0,5375.0,27073.0,19.85,
233,2020-10-25,KS,0,0,5375.0,27073.0,19.85,
234,2020-10-26,KS,2446,9669,5708.0,27537.0,20.73,25.3
235,2020-10-27,KS,0,0,5708.0,27537.0,20.73,
236,2020-10-28,KS,3369,7102,7589.0,27524.0,27.57,47.44
0,2020-03-04,TX,0,0,,,,
1,2020-03-05,TX,0,0,,,,
2,2020-03-06,TX,4,4,,,,100.0
3,2020-03-07,TX,3,3,,,,100.0
4,2020-03-08,TX,0,0,,,,
5,2020-03-09,TX,4,4,,,,100.0
6,2020-03-10,TX,1,1,12.0,12.0,100.0,100.0
7,2020-03-11,TX,8,8,20.0,20.0,100.0,100.0
8,2020-03-12,TX,2,2,22.0,22.0,100.0,100.0
9,2020-03-13,TX,16,16,34.0,34.0,100.0,100.0
10,2020-03-14,TX,12,12,43.0,43.0,100.0,100.0
11,2020-03-15,TX,5,5,48.0,48.0,100.0,100.0
12,2020-03-16,TX,1,1,45.0,45.0,100.0,100.0
13,2020-03-17,TX,7,1211,51.0,1255.0,4.06,0.58
14,2020-03-18,TX,19,639,62.0,1886.0,3.29,2.97
15,2020-03-19,TX,60,448,120.0,2332.0,5.15,13.39
16,2020-03-20,TX,51,2922,155.0,5238.0,2.96,1.75
17,2020-03-21,TX,110,1245,253.0,6471.0,3.91,8.84
18,2020-03-22,TX,30,2234,278.0,8700.0,3.2,1.34
19,2020-03-23,TX,18,1299,295.0,9998.0,2.95,1.39
20,2020-03-24,TX,58,1112,346.0,9899.0,3.5,5.22
21,2020-03-25,TX,564,2327,891.0,11587.0,7.69,24.24
22,2020-03-26,TX,422,7930,1253.0,19069.0,6.57,5.32
23,2020-03-27,TX,335,2242,1537.0,18389.0,8.36,14.94
24,2020-03-28,TX,321,1594,1748.0,18738.0,9.33,20.14
25,2020-03-29,TX,500,500,2218.0,17004.0,13.04,100.0
26,2020-03-30,TX,325,10120,2525.0,25825.0,9.78,3.21
27,2020-03-31,TX,389,7112,2856.0,31825.0,8.97,5.47
28,2020-04-01,TX,731,4865,3023.0,34363.0,8.8,15.03
29,2020-04-02,TX,672,2822,3273.0,29255.0,11.19,23.81
30,2020-04-03,TX,661,5085,3599.0,32098.0,11.21,13.0
31,2020-04-04,TX,780,7987,4058.0,38491.0,10.54,9.77
32,2020-04-05,TX,702,7187,4260.0,45178.0,9.43,9.77
33,2020-04-06,TX,464,14419,4399.0,49477.0,8.89,3.22
34,2020-04-07,TX,986,3292,4996.0,45657.0,10.94,29.95
35,2020-04-08,TX,1091,7609,5356.0,48401.0,11.07,14.34
36,2020-04-09,TX,877,9876,5561.0,55455.0,10.03,8.88
37,2020-04-10,TX,1441,9584,6341.0,59954.0,10.58,15.04
38,2020-04-11,TX,890,4815,6451.0,56782.0,11.36,18.48
39,2020-04-12,TX,923,4000,6672.0,53595.0,12.45,23.08
40,2020-04-13,TX,422,8693,6630.0,47869.0,13.85,4.85
41,2020-04-14,TX,718,13241,6362.0,57818.0,11.0,5.42
42,2020-04-15,TX,868,5343,6139.0,55552.0,11.05,16.25
43,2020-04-16,TX,963,6737,6225.0,52413.0,11.88,14.29
44,2020-04-17,TX,916,10989,5700.0,53818.0,10.59,8.34
45,2020-04-18,TX,889,6703,5699.0,55706.0,10.23,13.26
46,2020-04-19,TX,663,6471,5439.0,58177.0,9.35,10.25
47,2020-04-20,TX,535,7684,5552.0,57168.0,9.71,6.96
48,2020-04-21,TX,738,15005,5572.0,58932.0,9.45,4.92
49,2020-04-22,TX,873,11384,5577.0,64973.0,8.58,7.67
50,2020-04-23,TX,875,8295,5489.0,66531.0,8.25,10.55
51,2020-04-24,TX,862,17469,5435.0,73011.0,7.44,4.93
52,2020-04-25,TX,967,20269,5513.0,86577.0,6.37,4.77
53,2020-04-26,TX,858,13205,5708.0,93311.0,6.12,6.5
54,2020-04-27,TX,666,14496,5839.0,100123.0,5.83,4.59
55,2020-04-28,TX,874,9867,5975.0,94985.0,6.29,8.86
56,2020-04-29,TX,883,14406,5985.0,98007.0,6.11,6.13
57,2020-04-30,TX,1033,15510,6143.0,105222.0,5.84,6.66
58,2020-05-01,TX,1142,21475,6423.0,109228.0,5.88,5.32
59,2020-05-02,TX,1293,28873,6749.0,117832.0,5.73,4.48
60,2020-05-03,TX,1026,9912,6917.0,114539.0,6.04,10.35
61,2020-05-04,TX,784,16838,7035.0,116881.0,6.02,4.66
62,2020-05-05,TX,1037,19812,7198.0,126826.0,5.68,5.23
63,2020-05-06,TX,1053,11728,7368.0,124148.0,5.93,8.98
64,2020-05-07,TX,968,16224,7303.0,124862.0,5.85,5.97
65,2020-05-08,TX,1219,21956,7380.0,125343.0,5.89,5.55
66,2020-05-09,TX,1251,12176,7338.0,108646.0,6.75,10.27
67,2020-05-10,TX,1009,12482,7321.0,111216.0,6.58,8.08
68,2020-05-11,TX,1000,23921,7537.0,118299.0,6.37,4.18
69,2020-05-12,TX,1179,12475,7679.0,110962.0,6.92,9.45
70,2020-05-13,TX,1355,18604,7981.0,117838.0,6.77,7.28
71,2020-05-14,TX,1448,30537,8461.0,132151.0,6.4,4.74
72,2020-05-15,TX,1347,22317,8589.0,132512.0,6.48,6.04
73,2020-05-16,TX,1801,29109,9139.0,149445.0,6.12,6.19
74,2020-05-17,TX,785,11616,8915.0,148579.0,6.0,6.76
75,2020-05-18,TX,909,29490,8824.0,154148.0,5.72,3.08
76,2020-05-19,TX,1219,20301,8864.0,161974.0,5.47,6.0
77,2020-05-20,TX,1411,20782,8920.0,164152.0,5.43,6.79
78,2020-05-21,TX,945,19253,8417.0,152868.0,5.51,4.91
79,2020-05-22,TX,1181,1181,8251.0,131732.0,6.26,100.0
80,2020-05-23,TX,1060,21344,7510.0,123967.0,6.06,4.97
81,2020-05-24,TX,839,839,7564.0,113190.0,6.68,100.0
82,2020-05-25,TX,623,42109,7278.0,125809.0,5.78,1.48
83,2020-05-26,TX,589,15579,6648.0,121087.0,5.49,3.78
84,2020-05-27,TX,1361,34441,6598.0,134746.0,4.9,3.95
85,2020-05-28,TX,1855,17544,7508.0,133037.0,5.64,10.57
86,2020-05-29,TX,1230,20057,7557.0,151913.0,4.97,6.13
87,2020-05-30,TX,1332,35242,7829.0,165811.0,4.72,3.78
88,2020-05-31,TX,1949,23348,8939.0,188320.0,4.75,8.35
89,2020-06-01,TX,593,18166,8909.0,164377.0,5.42,3.26
90,2020-06-02,TX,1688,16193,10008.0,164991.0,6.07,10.42
91,2020-06-03,TX,1703,20544,10350.0,151094.0,6.85,8.29
92,2020-06-04,TX,1649,31787,10144.0,165337.0,6.14,5.19
93,2020-06-05,TX,1693,23021,10607.0,168301.0,6.3,7.35
94,2020-06-06,TX,1940,31701,11215.0,164760.0,6.81,6.12
95,2020-06-07,TX,1425,7169,10691.0,148581.0,7.2,19.88
96,2020-06-08,TX,638,19870,10736.0,150285.0,7.14,3.21
97,2020-06-09,TX,1637,27039,10685.0,161131.0,6.63,6.05
98,2020-06-10,TX,2504,13732,11486.0,154319.0,7.44,18.23
99,2020-06-11,TX,1826,45233,11663.0,167765.0,6.95,4.04
100,2020-06-12,TX,2097,20637,12067.0,165381.0,7.3,10.16
101,2020-06-13,TX,2331,33362,12458.0,167042.0,7.46,6.99
102,2020-06-14,TX,1843,35664,12876.0,195537.0,6.58,5.17
103,2020-06-15,TX,1254,18778,13492.0,194445.0,6.94,6.68
104,2020-06-16,TX,4098,33681,15953.0,201087.0,7.93,12.17
105,2020-06-17,TX,3129,21196,16578.0,208551.0,7.95,14.76
106,2020-06-18,TX,3516,38103,18268.0,201421.0,9.07,9.23
107,2020-06-19,TX,3454,16173,19625.0,196957.0,9.96,21.36
108,2020-06-20,TX,4430,39484,21724.0,203079.0,10.7,11.22
109,2020-06-21,TX,3866,62782,23747.0,230197.0,10.32,6.16
110,2020-06-22,TX,3280,22829,25773.0,234248.0,11.0,14.37
111,2020-06-23,TX,5489,48281,27164.0,248848.0,10.92,11.37
112,2020-06-24,TX,5551,32968,29586.0,260620.0,11.35,16.84
113,2020-06-25,TX,5996,29082,32066.0,251599.0,12.74,20.62
114,2020-06-26,TX,5707,37994,34319.0,273420.0,12.55,15.02
115,2020-06-27,TX,5747,25492,35636.0,259428.0,13.74,22.54
116,2020-06-28,TX,5357,52393,37127.0,249039.0,14.91,10.22
117,2020-06-29,TX,4283,43970,38130.0,270180.0,14.11,9.74
118,2020-06-30,TX,6975,50093,39616.0,271992.0,14.57,13.92
119,2020-07-01,TX,8076,52666,42141.0,291690.0,14.45,15.33
120,2020-07-02,TX,7915,53855,44060.0,316463.0,13.92,14.7
121,2020-07-03,TX,7555,38103,45908.0,316572.0,14.5,19.83
122,2020-07-04,TX,8258,57903,48419.0,348983.0,13.87,14.26
123,2020-07-05,TX,3449,61648,46511.0,358238.0,12.98,5.59
124,2020-07-06,TX,5318,30272,47546.0,344540.0,13.8,17.57
125,2020-07-07,TX,10028,57558,50599.0,352005.0,14.37,17.42
126,2020-07-08,TX,9979,37421,52502.0,336760.0,15.59,26.67
127,2020-07-09,TX,9782,54504,54369.0,337409.0,16.11,17.95
128,2020-07-10,TX,9765,76577,56579.0,375883.0,15.05,12.75
129,2020-07-11,TX,10351,39835,58672.0,357815.0,16.4,25.98
130,2020-07-12,TX,8196,63130,63419.0,359297.0,17.65,12.98
131,2020-07-13,TX,5655,47371,63756.0,376396.0,16.94,11.94
132,2020-07-14,TX,10745,58555,64473.0,377393.0,17.08,18.35
133,2020-07-15,TX,7307,43519,61801.0,383491.0,16.12,16.79
134,2020-07-16,TX,10291,57656,62310.0,386643.0,16.12,17.85
135,2020-07-17,TX,14916,67466,67461.0,377532.0,17.87,22.11
136,2020-07-18,TX,10158,75364,67268.0,413061.0,16.29,13.48
137,2020-07-19,TX,7300,89679,66372.0,439610.0,15.1,8.14
138,2020-07-20,TX,7404,52190,68121.0,444429.0,15.33,14.19
139,2020-07-21,TX,9305,59020,66681.0,444894.0,14.99,15.77
140,2020-07-22,TX,9879,60574,69253.0,461949.0,14.99,16.31
141,2020-07-23,TX,9507,60508,68469.0,464801.0,14.73,15.71
142,2020-07-24,TX,8701,67275,62254.0,464610.0,13.4,12.93
143,2020-07-25,TX,6020,74111,58116.0,463357.0,12.54,8.12
144,2020-07-26,TX,5810,63933,56626.0,437611.0,12.94,9.09
145,2020-07-27,TX,4267,58907,53489.0,444328.0,12.04,7.24
146,2020-07-28,TX,8342,48044,52526.0,433352.0,12.12,17.36
147,2020-07-29,TX,9042,62442,51689.0,435220.0,11.88,14.48
148,2020-07-30,TX,8800,70106,50982.0,444818.0,11.46,12.55
149,2020-07-31,TX,8839,60278,51120.0,437821.0,11.68,14.66
150,2020-08-01,TX,9539,78027,54639.0,441737.0,12.37,12.23
151,2020-08-02,TX,0,0,48829.0,377804.0,12.92,
152,2020-08-03,TX,11529,86807,56091.0,405704.0,13.83,13.28
153,2020-08-04,TX,9167,50262,56916.0,407922.0,13.95,18.24
154,2020-08-05,TX,8706,23387,56580.0,368867.0,15.34,37.23
155,2020-08-06,TX,7598,36245,55378.0,335006.0,16.53,20.96
156,2020-08-07,TX,7039,56052,53578.0,330780.0,16.2,12.56
157,2020-08-08,TX,6959,12125,50998.0,264878.0,19.25,57.39
158,2020-08-09,TX,4879,13207,55877.0,278085.0,20.09,36.94
159,2020-08-10,TX,4455,47797,48803.0,239075.0,20.41,9.32
160,2020-08-11,TX,9803,15202,49439.0,204015.0,24.23,64.48
161,2020-08-12,TX,6200,17497,46933.0,198125.0,23.69,35.43
162,2020-08-13,TX,6755,124403,46090.0,286283.0,16.1,5.43
163,2020-08-14,TX,7018,51278,46069.0,281509.0,16.37,13.69
164,2020-08-15,TX,8245,39635,47355.0,309019.0,15.32,20.8
165,2020-08-16,TX,6744,117365,49220.0,413177.0,11.91,5.75
166,2020-08-17,TX,7368,37126,52133.0,402506.0,12.95,19.85
167,2020-08-18,TX,7282,24478,49612.0,411782.0,12.05,29.75
168,2020-08-19,TX,7024,16544,50436.0,410829.0,12.28,42.46
169,2020-08-20,TX,5303,29880,48984.0,316306.0,15.49,17.75
170,2020-08-21,TX,5021,32957,46987.0,297985.0,15.77,15.24
171,2020-08-22,TX,5559,60834,44301.0,319184.0,13.88,9.14
172,2020-08-23,TX,4398,27168,41955.0,228987.0,18.32,16.19
173,2020-08-24,TX,2847,2847,37434.0,194708.0,19.23,100.0
174,2020-08-25,TX,6346,53684,36498.0,223914.0,16.3,11.82
175,2020-08-26,TX,5407,40081,34881.0,247451.0,14.1,13.49
176,2020-08-27,TX,5600,29274,35178.0,246845.0,14.25,19.13
177,2020-08-28,TX,4031,48448,34188.0,262336.0,13.03,8.32
178,2020-08-29,TX,4762,58610,33391.0,260112.0,12.84,8.12
179,2020-08-30,TX,3824,23740,32817.0,256684.0,12.78,16.11
180,2020-08-31,TX,2615,36841,32585.0,290678.0,11.21,7.1
181,2020-09-01,TX,4364,72001,30603.0,308995.0,9.9,6.06
182,2020-09-02,TX,4334,35308,29530.0,304222.0,9.71,12.27
183,2020-09-03,TX,3680,38641,27610.0,313589.0,8.8,9.52
184,2020-09-04,TX,5482,12250,29061.0,277391.0,10.48,44.75
185,2020-09-05,TX,4486,64195,28785.0,282976.0,10.17,6.99
186,2020-09-06,TX,2995,98631,27956.0,357867.0,7.81,3.04
187,2020-09-07,TX,2060,38420,27401.0,359446.0,7.62,5.36
188,2020-09-08,TX,1421,18127,24458.0,305572.0,8.0,7.84
189,2020-09-09,TX,4000,33006,24124.0,303270.0,7.95,12.12
190,2020-09-10,TX,4018,33125,24462.0,297754.0,8.22,12.13
191,2020-09-11,TX,3547,48784,22527.0,334288.0,6.74,7.27
192,2020-09-12,TX,4233,65600,22274.0,335693.0,6.64,6.45
193,2020-09-13,TX,1845,30498,21124.0,267560.0,7.9,6.05
194,2020-09-14,TX,4011,-336892,23075.0,-107752.0,-21.41,-1.19
195,2020-09-15,TX,5301,34295,26955.0,-91584.0,-29.43,15.46
196,2020-09-16,TX,6026,52078,28981.0,-72512.0,-39.97,11.57
197,2020-09-17,TX,4047,45556,29010.0,-60081.0,-48.28,8.88
198,2020-09-18,TX,3422,99625,28885.0,-9240.0,-312.61,3.43
199,2020-09-19,TX,3827,118375,28479.0,43535.0,65.42,3.23
200,2020-09-20,TX,2466,30312,29100.0,43349.0,67.13,8.14
201,2020-09-21,TX,9853,29010,34942.0,409251.0,8.54,33.96
202,2020-09-22,TX,17820,45234,47461.0,420190.0,11.3,39.4
203,2020-09-23,TX,3392,72942,44827.0,441054.0,10.16,4.65
204,2020-09-24,TX,4320,120159,45100.0,515657.0,8.75,3.6
205,2020-09-25,TX,4633,52616,46311.0,468648.0,9.88,8.81
206,2020-09-26,TX,4886,81364,47370.0,431637.0,10.97,6.01
207,2020-09-27,TX,1694,22094,46598.0,423419.0,11.01,7.67
208,2020-09-28,TX,4611,154848,41356.0,549257.0,7.53,2.98
209,2020-09-29,TX,3541,29071,27077.0,533094.0,5.08,12.18
210,2020-09-30,TX,5683,36331,29368.0,496483.0,5.92,15.64
211,2020-10-01,TX,3534,45172,28582.0,421496.0,6.78,7.82
212,2020-10-02,TX,3503,86413,27452.0,455293.0,6.03,4.05
213,2020-10-03,TX,7006,104197,29572.0,478126.0,6.18,6.72
214,2020-10-04,TX,2884,64946,30762.0,520978.0,5.9,4.44
215,2020-10-05,TX,3409,33792,29560.0,399922.0,7.39,10.09
216,2020-10-06,TX,4132,64571,30151.0,435422.0,6.92,6.4
217,2020-10-07,TX,4121,28192,28589.0,427283.0,6.69,14.62
218,2020-10-08,TX,4238,38666,29293.0,420777.0,6.96,10.96
219,2020-10-09,TX,4036,42924,29826.0,377288.0,7.91,9.4
220,2020-10-10,TX,4230,84601,27050.0,357692.0,7.56,5.0
221,2020-10-11,TX,2418,56920,26584.0,349666.0,7.6,4.25
222,2020-10-12,TX,2648,63843,25823.0,379717.0,6.8,4.15
223,2020-10-13,TX,5289,60629,26980.0,375775.0,7.18,8.72
224,2020-10-14,TX,4667,55653,27526.0,403236.0,6.83,8.39
225,2020-10-15,TX,4726,44214,28014.0,408784.0,6.85,10.69
226,2020-10-16,TX,5870,99156,29848.0,465016.0,6.42,5.92
227,2020-10-17,TX,4885,63190,30503.0,443605.0,6.88,7.73
228,2020-10-18,TX,3216,52683,31301.0,439368.0,7.12,6.1
229,2020-10-19,TX,1894,57124,30547.0,432649.0,7.06,3.32
230,2020-10-20,TX,7884,60283,33142.0,432303.0,7.67,13.08
231,2020-10-21,TX,5252,30548,33727.0,407198.0,8.28,17.19
232,2020-10-22,TX,6291,57843,35292.0,420827.0,8.39,10.88
233,2020-10-23,TX,6472,78869,35894.0,400540.0,8.96,8.21
234,2020-10-24,TX,6499,98609,37508.0,435959.0,8.6,6.59
235,2020-10-25,TX,4304,52047,38596.0,435323.0,8.87,8.27
236,2020-10-26,TX,4700,46908,41402.0,425107.0,9.74,10.02
237,2020-10-27,TX,7292,74290,40810.0,439114.0,9.29,9.82
238,2020-10-28,TX,5627,50037,41185.0,458603.0,8.98,11.25
0,2020-03-04,NY,0,0,,,,
1,2020-03-05,NY,16,44,,,,36.36
2,2020-03-06,NY,11,27,,,,40.74
3,2020-03-07,NY,43,43,,,,100.0
4,2020-03-08,NY,29,29,,,,100.0
5,2020-03-09,NY,37,37,,,,100.0
6,2020-03-10,NY,31,31,167.0,211.0,79.15,100.0
7,2020-03-11,NY,43,43,210.0,254.0,82.68,100.0
8,2020-03-12,NY,0,0,194.0,210.0,92.38,
9,2020-03-13,NY,205,2892,388.0,3075.0,12.62,7.09
10,2020-03-14,NY,103,103,448.0,3135.0,14.29,100.0
11,2020-03-15,NY,205,1969,624.0,5075.0,12.3,10.41
12,2020-03-16,NY,221,221,808.0,5259.0,15.36,100.0
13,2020-03-17,NY,750,1713,1527.0,6941.0,22.0,43.78
14,2020-03-18,NY,682,7391,2166.0,14289.0,15.16,9.23
15,2020-03-19,NY,1770,7687,3936.0,21976.0,17.91,23.03
16,2020-03-20,NY,2950,10143,6681.0,29227.0,22.86,29.08
17,2020-03-21,NY,3254,13010,9832.0,42134.0,23.34,25.01
18,2020-03-22,NY,4812,15964,14439.0,56129.0,25.72,30.14
19,2020-03-23,NY,5707,16888,19925.0,72796.0,27.37,33.79
20,2020-03-24,NY,4790,12981,23965.0,84064.0,28.51,36.9
21,2020-03-25,NY,5146,12209,28429.0,88882.0,31.99,42.15
22,2020-03-26,NY,6447,18625,33106.0,99820.0,33.17,34.61
23,2020-03-27,NY,7377,23649,37533.0,113326.0,33.12,31.19
24,2020-03-28,NY,7683,10181,41962.0,110497.0,37.98,75.46
25,2020-03-29,NY,7195,16426,44345.0,110959.0,39.97,43.8
26,2020-03-30,NY,6984,14108,45622.0,108179.0,42.17,49.5
27,2020-03-31,NY,9298,18718,50130.0,113916.0,44.01,49.67
28,2020-04-01,NY,7917,15694,52901.0,117401.0,45.06,50.45
29,2020-04-02,NY,8669,18085,55123.0,116861.0,47.17,47.93
30,2020-04-03,NY,10482,21555,58228.0,114767.0,50.74,48.63
31,2020-04-04,NY,10841,23101,61386.0,127687.0,48.08,46.93
32,2020-04-05,NY,8327,18659,62518.0,129920.0,48.12,44.63
33,2020-04-06,NY,8658,18531,64192.0,134343.0,47.78,46.72
34,2020-04-07,NY,8174,19247,63068.0,134872.0,46.76,42.47
35,2020-04-08,NY,10453,25095,65604.0,144273.0,45.47,41.65
36,2020-04-09,NY,10621,26396,67556.0,152584.0,44.27,40.24
37,2020-04-10,NY,10575,26336,67649.0,157365.0,42.99,40.15
38,2020-04-11,NY,9946,23095,66754.0,157359.0,42.42,43.07
39,2020-04-12,NY,8236,20621,66663.0,159321.0,41.84,39.94
40,2020-04-13,NY,6337,16756,64342.0,157546.0,40.84,37.82
41,2020-04-14,NY,7177,20786,63345.0,159085.0,39.82,34.53
42,2020-04-15,NY,11571,26869,64463.0,160859.0,40.07,43.06
43,2020-04-16,NY,8505,24567,62347.0,159030.0,39.2,34.62
44,2020-04-17,NY,7358,22644,59130.0,155338.0,38.07,32.49
45,2020-04-18,NY,7090,23309,56274.0,155552.0,36.18,30.42
46,2020-04-19,NY,6054,21023,54092.0,155954.0,34.68,28.8
47,2020-04-20,NY,4726,16306,52481.0,155504.0,33.75,28.98
48,2020-04-21,NY,4178,15464,49482.0,150182.0,32.95,27.02
49,2020-04-22,NY,5526,20657,43437.0,143970.0,30.17,26.75
50,2020-04-23,NY,6244,25938,41176.0,145341.0,28.33,24.07
51,2020-04-24,NY,8130,34736,41948.0,157433.0,26.64,23.41
52,2020-04-25,NY,10553,46912,45411.0,181036.0,25.08,22.5
53,2020-04-26,NY,5902,27782,45259.0,187795.0,24.1,21.24
54,2020-04-27,NY,3951,20745,44484.0,192234.0,23.14,19.05
55,2020-04-28,NY,3110,18899,43416.0,195669.0,22.19,16.46
56,2020-04-29,NY,4585,27487,42475.0,202499.0,20.98,16.68
57,2020-04-30,NY,4681,28155,40912.0,204716.0,19.98,16.63
58,2020-05-01,NY,3942,26802,36724.0,196782.0,18.66,14.71
59,2020-05-02,NY,4663,31633,30834.0,181503.0,16.99,14.74
60,2020-05-03,NY,3438,26840,28370.0,180561.0,15.71,12.81
61,2020-05-04,NY,2538,21399,26957.0,181215.0,14.88,11.86
62,2020-05-05,NY,2239,21589,26086.0,183905.0,14.18,10.37
63,2020-05-06,NY,2786,27022,24287.0,183440.0,13.24,10.31
64,2020-05-07,NY,3671,33995,23277.0,189280.0,12.3,10.8
65,2020-05-08,NY,2758,31627,22093.0,194105.0,11.38,8.72
66,2020-05-09,NY,2715,32225,20145.0,194697.0,10.35,8.43
67,2020-05-10,NY,2273,29230,18980.0,197087.0,9.63,7.78
68,2020-05-11,NY,1660,21653,18102.0,197341.0,9.17,7.67
69,2020-05-12,NY,1430,20462,17293.0,196214.0,8.81,6.99
70,2020-05-13,NY,2176,33794,16683.0,202986.0,8.22,6.44
71,2020-05-14,NY,2390,39850,15402.0,208841.0,7.37,6.0
72,2020-05-15,NY,2762,39291,15406.0,216505.0,7.12,7.03
73,2020-05-16,NY,2419,40669,15110.0,224949.0,6.72,5.95
74,2020-05-17,NY,1889,34679,14726.0,230398.0,6.39,5.45
75,2020-05-18,NY,1250,26161,14316.0,234906.0,6.09,4.78
76,2020-05-19,NY,1474,28182,14360.0,242626.0,5.92,5.23
77,2020-05-20,NY,1525,38097,13709.0,246929.0,5.55,4.0
78,2020-05-21,NY,2088,49219,13407.0,256298.0,5.23,4.24
79,2020-05-22,NY,1696,45738,12341.0,262745.0,4.7,3.71
80,2020-05-23,NY,1772,51268,11694.0,273344.0,4.28,3.46
81,2020-05-24,NY,1589,47765,11394.0,286430.0,3.98,3.33
82,2020-05-25,NY,1249,39623,11393.0,299892.0,3.8,3.15
83,2020-05-26,NY,1072,34679,10991.0,306389.0,3.59,3.09
84,2020-05-27,NY,1129,37416,10595.0,305708.0,3.47,3.02
85,2020-05-28,NY,1768,65245,10275.0,321734.0,3.19,2.71
86,2020-05-29,NY,1551,67341,10130.0,343337.0,2.95,2.3
87,2020-05-30,NY,1376,61251,9734.0,353320.0,2.76,2.25
88,2020-05-31,NY,1110,58444,9255.0,363999.0,2.54,1.9
89,2020-06-01,NY,941,49952,8947.0,374328.0,2.39,1.88
90,2020-06-02,NY,1329,54054,9204.0,393703.0,2.34,2.46
91,2020-06-03,NY,1045,61642,9120.0,417929.0,2.18,1.7
92,2020-06-04,NY,1048,63559,8400.0,416243.0,2.02,1.65
93,2020-06-05,NY,1075,66480,7924.0,415382.0,1.91,1.62
94,2020-06-06,NY,1108,77895,7656.0,432026.0,1.77,1.42
95,2020-06-07,NY,781,60435,7327.0,434017.0,1.69,1.29
96,2020-06-08,NY,702,58054,7088.0,442119.0,1.6,1.21
97,2020-06-09,NY,683,49973,6442.0,438038.0,1.47,1.37
98,2020-06-10,NY,674,62297,6071.0,438693.0,1.38,1.08
99,2020-06-11,NY,736,60839,5759.0,435973.0,1.32,1.21
100,2020-06-12,NY,822,72395,5506.0,441888.0,1.25,1.14
101,2020-06-13,NY,916,70840,5314.0,434833.0,1.22,1.29
102,2020-06-14,NY,694,62359,5227.0,436757.0,1.2,1.11
103,2020-06-15,NY,620,56611,5145.0,435314.0,1.18,1.1
104,2020-06-16,NY,631,60568,5093.0,445909.0,1.14,1.04
105,2020-06-17,NY,567,59341,4986.0,442953.0,1.13,0.96
106,2020-06-18,NY,618,68541,4868.0,450655.0,1.08,0.9
107,2020-06-19,NY,796,79303,4842.0,457563.0,1.06,1.0
108,2020-06-20,NY,716,68830,4642.0,455553.0,1.02,1.04
109,2020-06-21,NY,664,67526,4612.0,460720.0,1.0,0.98
110,2020-06-22,NY,552,56780,4544.0,460889.0,0.99,0.97
111,2020-06-23,NY,597,48709,4510.0,449030.0,1.0,1.23
112,2020-06-24,NY,581,51144,4524.0,440833.0,1.03,1.14
113,2020-06-25,NY,749,67642,4655.0,439934.0,1.06,1.11
114,2020-06-26,NY,805,61723,4664.0,422354.0,1.1,1.3
115,2020-06-27,NY,703,73262,4651.0,426786.0,1.09,0.96
116,2020-06-28,NY,616,61906,4603.0,421166.0,1.09,1.0
117,2020-06-29,NY,391,46428,4442.0,410814.0,1.08,0.84
118,2020-06-30,NY,524,52025,4369.0,414130.0,1.05,1.01
119,2020-07-01,NY,625,56710,4413.0,419696.0,1.05,1.1
120,2020-07-02,NY,875,69945,4539.0,421999.0,1.08,1.25
121,2020-07-03,NY,918,66392,4652.0,426668.0,1.09,1.38
122,2020-07-04,NY,726,62403,4675.0,415809.0,1.12,1.16
123,2020-07-05,NY,533,63415,4592.0,417318.0,1.1,0.84
124,2020-07-06,NY,518,54328,4719.0,425218.0,1.11,0.95
125,2020-07-07,NY,588,56736,4783.0,429929.0,1.11,1.04
126,2020-07-08,NY,692,57585,4850.0,430804.0,1.13,1.2
127,2020-07-09,NY,584,65564,4559.0,426423.0,1.07,0.89
128,2020-07-10,NY,786,73558,4427.0,433589.0,1.02,1.07
129,2020-07-11,NY,730,69203,4431.0,440389.0,1.01,1.05
130,2020-07-12,NY,677,62418,4575.0,439392.0,1.04,1.08
131,2020-07-13,NY,557,51687,4614.0,436751.0,1.06,1.08
132,2020-07-14,NY,912,60045,4938.0,440060.0,1.12,1.52
133,2020-07-15,NY,831,63598,5077.0,446073.0,1.14,1.31
134,2020-07-16,NY,769,72685,5262.0,453194.0,1.16,1.06
135,2020-07-17,NY,776,78239,5252.0,457875.0,1.15,0.99
136,2020-07-18,NY,754,69817,5276.0,458489.0,1.15,1.08
137,2020-07-19,NY,502,46204,5101.0,442275.0,1.15,1.09
138,2020-07-20,NY,519,49342,5063.0,439930.0,1.15,1.05
139,2020-07-21,NY,855,66169,5006.0,446054.0,1.12,1.29
140,2020-07-22,NY,705,67659,4880.0,450115.0,1.08,1.04
141,2020-07-23,NY,811,69698,4922.0,447128.0,1.1,1.16
142,2020-07-24,NY,753,76507,4899.0,445396.0,1.1,0.98
143,2020-07-25,NY,750,71466,4895.0,447045.0,1.09,1.05
144,2020-07-26,NY,536,53568,4929.0,454409.0,1.08,1.0
145,2020-07-27,NY,608,57270,5018.0,462337.0,1.09,1.06
146,2020-07-28,NY,534,57397,4697.0,453565.0,1.04,0.93
147,2020-07-29,NY,715,62276,4707.0,448182.0,1.05,1.15
148,2020-07-30,NY,777,73546,4673.0,452030.0,1.03,1.06
149,2020-07-31,NY,644,68869,4564.0,444392.0,1.03,0.94
150,2020-08-01,NY,753,82737,4567.0,455663.0,1.0,0.91
151,2020-08-02,NY,531,58961,4562.0,461056.0,0.99,0.9
152,2020-08-03,NY,545,51839,4499.0,455625.0,0.99,1.05
153,2020-08-04,NY,746,70993,4711.0,469221.0,1.0,1.05
154,2020-08-05,NY,636,72668,4632.0,479613.0,0.97,0.88
155,2020-08-06,NY,703,72370,4558.0,478437.0,0.95,0.97
156,2020-08-07,NY,714,70170,4628.0,479738.0,0.96,1.02
157,2020-08-08,NY,703,74857,4578.0,471858.0,0.97,0.94
158,2020-08-09,NY,515,65812,4562.0,478709.0,0.95,0.78
159,2020-08-10,NY,476,54002,4493.0,480872.0,0.93,0.88
160,2020-08-11,NY,667,77059,4414.0,486938.0,0.91,0.87
161,2020-08-12,NY,700,87776,4478.0,502046.0,0.89,0.8
162,2020-08-13,NY,737,87900,4512.0,517576.0,0.87,0.84
163,2020-08-14,NY,727,85455,4525.0,532861.0,0.85,0.85
164,2020-08-15,NY,734,88668,4556.0,546672.0,0.83,0.83
165,2020-08-16,NY,607,77692,4648.0,558552.0,0.83,0.78
166,2020-08-17,NY,408,56891,4580.0,561441.0,0.82,0.72
167,2020-08-18,NY,655,66891,4568.0,551273.0,0.83,0.98
168,2020-08-19,NY,631,80425,4499.0,543922.0,0.83,0.78
169,2020-08-20,NY,601,80984,4363.0,537006.0,0.81,0.74
170,2020-08-21,NY,709,98880,4345.0,550431.0,0.79,0.72
171,2020-08-22,NY,653,94849,4264.0,556612.0,0.77,0.69
172,2020-08-23,NY,572,74043,4229.0,552963.0,0.76,0.77
173,2020-08-24,NY,408,62031,4229.0,558103.0,0.76,0.66
174,2020-08-25,NY,629,67255,4203.0,558467.0,0.75,0.94
175,2020-08-26,NY,566,71189,4138.0,549231.0,0.75,0.8
176,2020-08-27,NY,791,83437,4328.0,551684.0,0.78,0.95
177,2020-08-28,NY,636,97826,4255.0,550630.0,0.77,0.65
178,2020-08-29,NY,635,93873,4237.0,549654.0,0.77,0.68
179,2020-08-30,NY,698,100022,4363.0,575633.0,0.76,0.7
180,2020-08-31,NY,656,66241,4611.0,579843.0,0.8,0.99
181,2020-09-01,NY,754,76997,4736.0,589585.0,0.8,0.98
182,2020-09-02,NY,708,88447,4878.0,606843.0,0.8,0.8
183,2020-09-03,NY,889,88981,4976.0,612387.0,0.81,1.0
184,2020-09-04,NY,864,93395,5204.0,607956.0,0.86,0.93
185,2020-09-05,NY,801,99761,5370.0,613844.0,0.87,0.8
186,2020-09-06,NY,729,85630,5401.0,599452.0,0.9,0.85
187,2020-09-07,NY,520,58865,5265.0,592076.0,0.89,0.88
188,2020-09-08,NY,557,57826,5068.0,572905.0,0.88,0.96
189,2020-09-09,NY,576,63230,4936.0,547688.0,0.9,0.91
190,2020-09-10,NY,757,76813,4804.0,535520.0,0.9,0.99
191,2020-09-11,NY,880,89722,4820.0,531847.0,0.91,0.98
192,2020-09-12,NY,849,102925,4868.0,535011.0,0.91,0.82
193,2020-09-13,NY,725,72668,4864.0,522049.0,0.93,1.0
194,2020-09-14,NY,583,63358,4927.0,526542.0,0.94,0.92
195,2020-09-15,NY,766,73678,5136.0,542394.0,0.95,1.04
196,2020-09-16,NY,652,75087,5212.0,554251.0,0.94,0.87
197,2020-09-17,NY,896,91504,5351.0,568942.0,0.94,0.98
198,2020-09-18,NY,790,89727,5261.0,568947.0,0.92,0.88
199,2020-09-19,NY,986,110444,5398.0,576466.0,0.94,0.89
200,2020-09-20,NY,862,100355,5535.0,604153.0,0.92,0.86
201,2020-09-21,NY,573,58319,5525.0,599114.0,0.92,0.98
202,2020-09-22,NY,754,83997,5513.0,609433.0,0.9,0.9
203,2020-09-23,NY,665,70930,5526.0,605276.0,0.91,0.94
204,2020-09-24,NY,955,92953,5585.0,606725.0,0.92,1.03
205,2020-09-25,NY,908,94818,5703.0,611816.0,0.93,0.96
206,2020-09-26,NY,1005,99953,5722.0,601325.0,0.95,1.01
207,2020-09-27,NY,866,84770,5726.0,585740.0,0.98,1.02
208,2020-09-28,NY,834,52936,5987.0,580357.0,1.03,1.58
209,2020-09-29,NY,1189,88231,6422.0,584591.0,1.1,1.35
210,2020-09-30,NY,1000,97960,6757.0,611621.0,1.1,1.02
211,2020-10-01,NY,1382,109218,7184.0,627886.0,1.14,1.27
212,2020-10-02,NY,1598,119493,7874.0,652561.0,1.21,1.34
213,2020-10-03,NY,1731,134267,8600.0,686875.0,1.25,1.29
214,2020-10-04,NY,1222,110329,8956.0,712434.0,1.26,1.11
215,2020-10-05,NY,933,76404,9055.0,735902.0,1.23,1.22
216,2020-10-06,NY,1393,96359,9259.0,744030.0,1.24,1.45
217,2020-10-07,NY,1360,108246,9619.0,754316.0,1.28,1.26
218,2020-10-08,NY,1836,145811,10073.0,790909.0,1.27,1.26
219,2020-10-09,NY,1592,139300,10067.0,810716.0,1.24,1.14
220,2020-10-10,NY,1447,134579,9783.0,811028.0,1.21,1.08
221,2020-10-11,NY,1143,118254,9704.0,818953.0,1.18,0.97
222,2020-10-12,NY,1029,91793,9800.0,834342.0,1.17,1.12
223,2020-10-13,NY,1393,99070,9800.0,837053.0,1.17,1.41
224,2020-10-14,NY,1232,111744,9672.0,840551.0,1.15,1.1
225,2020-10-15,NY,1460,133212,9296.0,827952.0,1.12,1.1
226,2020-10-16,NY,1707,136039,9411.0,824691.0,1.14,1.25
227,2020-10-17,NY,1784,159972,9748.0,850084.0,1.15,1.12
228,2020-10-18,NY,1390,128763,9995.0,860593.0,1.16,1.08
229,2020-10-19,NY,998,82009,9964.0,850809.0,1.17,1.22
230,2020-10-20,NY,1201,90540,9772.0,842279.0,1.16,1.33
231,2020-10-21,NY,2026,124789,10566.0,855324.0,1.24,1.62
232,2020-10-22,NY,1628,135341,10734.0,857453.0,1.25,1.2
233,2020-10-23,NY,1637,141508,10664.0,862922.0,1.24,1.16
234,2020-10-24,NY,2061,156940,10941.0,859890.0,1.27,1.31
235,2020-10-25,NY,1632,120830,11183.0,851957.0,1.31,1.35
236,2020-10-26,NY,1191,82117,11376.0,852065.0,1.34,1.45
237,2020-10-27,NY,1991,111618,12166.0,873143.0,1.39,1.78
238,2020-10-28,NY,2031,129660,12171.0,878014.0,1.39,1.57
